{
  "version": "20260529T023124Z",
  "trained_at": "2026-05-29T02:31:24.374884+00:00",
  "feature_names": [
    "net_edge",
    "gross_spread",
    "settlement_match_score",
    "volume_kalshi",
    "volume_poly",
    "kalshi_yes_ask",
    "poly_no_ask",
    "kelly_fraction",
    "settlement_flag_count"
  ],
  "weights": [
    12.294070467833135,
    0.22273252336568594,
    -4.323584391106293,
    1.4516985952087798,
    -0.0977866573470703,
    13.897373903938838,
    -2.1171533503775266,
    16.52283834794546,
    -8.399340985968408
  ],
  "bias": -5.776748639461183,
  "metrics": {
    "n_samples": 104,
    "accuracy": 0.9231,
    "mean_pred": 0.7183
  }
}