{
  "version": "20260529T025352Z",
  "trained_at": "2026-05-29T02:53:52.993879+00:00",
  "feature_names": [
    "net_edge",
    "gross_spread",
    "settlement_match_score",
    "volume_kalshi",
    "volume_poly",
    "kalshi_yes_ask",
    "poly_no_ask",
    "kelly_fraction",
    "settlement_flag_count"
  ],
  "weights": [
    12.293885102102962,
    0.22178838899443348,
    -4.32506354793427,
    1.451815947929799,
    -0.09766022065789276,
    13.897761939292181,
    -2.11700785320228,
    16.521049054003903,
    -8.398952184675883
  ],
  "bias": -5.777003682125561,
  "metrics": {
    "n_samples": 104,
    "accuracy": 0.9231,
    "mean_pred": 0.7183
  }
}