{
  "version": "20260527T050950Z",
  "trained_at": "2026-05-27T05:09:50.094100+00:00",
  "feature_names": [
    "net_edge",
    "gross_spread",
    "settlement_match_score",
    "volume_kalshi",
    "volume_poly",
    "kalshi_yes_ask",
    "poly_no_ask",
    "kelly_fraction",
    "settlement_flag_count"
  ],
  "weights": [
    10.389538267695064,
    -0.48668233143459516,
    -4.565531541220049,
    1.5329461283183936,
    -0.2254218641943155,
    15.618731211715282,
    -2.6994451666358046,
    -0.047750974393760415,
    0.0
  ],
  "bias": -5.42296727100189,
  "metrics": {
    "n_samples": 99,
    "accuracy": 0.9495,
    "mean_pred": 0.7091
  }
}